ONTOLOGY	ID	Description	GeneRatio	BgRatio	pvalue	p.adjust	qvalue	geneID	Count
BP	GO:0006958	complement activation, classical pathway	8/338	39/16649	9.43984253431834e-07	0.00352200524955417	0.00322147047329053	CFI/IGHG4/C1RL/C1R/IGHG1/C1QA/SERPING1/C1QB	8
BP	GO:0006956	complement activation	8/338	62/16649	3.45727713302331e-05	0.0300707008134895	0.027504750253871	CFI/IGHG4/C1RL/C1R/IGHG1/C1QA/SERPING1/C1QB	8
BP	GO:0050808	synapse organization	23/338	479/16649	0.000128060799499447	0.0468714035945023	0.0428718392002642	OXTR/NRP2/TLR2/EFNA1/SYNDIG1/NTNG1/C1QA/IL1RAPL1/PTPRD/LRFN2/SEZ6L/ARHGAP39/NLGN1/SNCG/LRRTM3/DOCK10/C1QB/ACTN1/PPFIA4/GRID2/CNTNAP1/NEFL/ANK3	23
MF	GO:0019955	cytokine binding	10/326	142/17068	0.00040410940427325	0.0450592891666513	0.0399741198782883	NRP2/OSMR/ZFP36/TSKU/WFIKKN1/TNFRSF1A/VASN/IL1R1/CRLF1/IFNAR2	10
